GEO;GEO_OBJECT;OCS;L_STAY;TDW;TOH;CARS;RP_MEASURE;CARPARK;NOR;TSH;BUILD_END;TIME_PERIOD;OBS_VALUE
001;AAV2020;_T;_T;_T;_T;_T;DWELLINGS;_T;_T;_T;_T;2021;6403754.71137
002;AAV2020;_T;_T;_T;_T;_T;DWELLINGS;_T;_T;_T;_T;2021;1140467.41051
003;AAV2020;_T;_T;_T;_T;_T;DWELLINGS;_T;_T;_T;_T;2021;980258.35053
004;AAV2020;_T;_T;_T;_T;_T;DWELLINGS;_T;_T;_T;_T;2021;722683.33901
005;AAV2020;_T;_T;_T;_T;_T;DWELLINGS;_T;_T;_T;_T;2021;776469.2333
006;AAV2020;_T;_T;_T;_T;_T;DWELLINGS;_T;_T;_T;_T;2021;742314.95753
008;AAV2020;_T;_T;_T;_T;_T;DWELLINGS;_T;_T;_T;_T;2021;508770.12839
010;AAV2020;_T;_T;_T;_T;_T;DWELLINGS;_T;_T;_T;_T;2021;437520.35924
012;AAV2020;_T;_T;_T;_T;_T;DWELLINGS;_T;_T;_T;_T;2021;470297.00838
013;AAV2020;_T;_T;_T;_T;_T;DWELLINGS;_T;_T;_T;_T;2021;382264.49417
014;AAV2020;_T;_T;_T;_T;_T;DWELLINGS;_T;_T;_T;_T;2021;390755.54977
015;AAV2020;_T;_T;_T;_T;_T;DWELLINGS;_T;_T;_T;_T;2021;359395.24082
017;AAV2020;_T;_T;_T;_T;_T;DWELLINGS;_T;_T;_T;_T;2021;407523.79514
018;AAV2020;_T;_T;_T;_T;_T;DWELLINGS;_T;_T;_T;_T;2021;347147.54388
019;AAV2020;_T;_T;_T;_T;_T;DWELLINGS;_T;_T;_T;_T;2021;278673.33526
020;AAV2020;_T;_T;_T;_T;_T;DWELLINGS;_T;_T;_T;_T;2021;271693.4047
022;AAV2020;_T;_T;_T;_T;_T;DWELLINGS;_T;_T;_T;_T;2021;280158.7261
023;AAV2020;_T;_T;_T;_T;_T;DWELLINGS;_T;_T;_T;_T;2021;259048.42949
024;AAV2020;_T;_T;_T;_T;_T;DWELLINGS;_T;_T;_T;_T;2021;254403.48087
025;AAV2020;_T;_T;_T;_T;_T;DWELLINGS;_T;_T;_T;_T;2021;228752.33956
026;AAV2020;_T;_T;_T;_T;_T;DWELLINGS;_T;_T;_T;_T;2021;220172.81794
028;AAV2020;_T;_T;_T;_T;_T;DWELLINGS;_T;_T;_T;_T;2021;221566.44356
029;AAV2020;_T;_T;_T;_T;_T;DWELLINGS;_T;_T;_T;_T;2021;204204.74586
030;AAV2020;_T;_T;_T;_T;_T;DWELLINGS;_T;_T;_T;_T;2021;284368.3981
031;AAV2020;_T;_T;_T;_T;_T;DWELLINGS;_T;_T;_T;_T;2021;292884.81851
032;AAV2020;_T;_T;_T;_T;_T;DWELLINGS;_T;_T;_T;_T;2021;202279.06322
033;AAV2020;_T;_T;_T;_T;_T;DWELLINGS;_T;_T;_T;_T;2021;189752.67111
034;AAV2020;_T;_T;_T;_T;_T;DWELLINGS;_T;_T;_T;_T;2021;187236.49877
035;AAV2020;_T;_T;_T;_T;_T;DWELLINGS;_T;_T;_T;_T;2021;180495.67264
036;AAV2020;_T;_T;_T;_T;_T;DWELLINGS;_T;_T;_T;_T;2021;187516.36711
037;AAV2020;_T;_T;_T;_T;_T;DWELLINGS;_T;_T;_T;_T;2021;181005.89534
038;AAV2020;_T;_T;_T;_T;_T;DWELLINGS;_T;_T;_T;_T;2021;159514.47646
039;AAV2020;_T;_T;_T;_T;_T;DWELLINGS;_T;_T;_T;_T;2021;171473.87729
040;AAV2020;_T;_T;_T;_T;_T;DWELLINGS;_T;_T;_T;_T;2021;178331.37268
041;AAV2020;_T;_T;_T;_T;_T;DWELLINGS;_T;_T;_T;_T;2021;186124.75215
042;AAV2020;_T;_T;_T;_T;_T;DWELLINGS;_T;_T;_T;_T;2021;147366.21381
043;AAV2020;_T;_T;_T;_T;_T;DWELLINGS;_T;_T;_T;_T;2021;157689.1749
044;AAV2020;_T;_T;_T;_T;_T;DWELLINGS;_T;_T;_T;_T;2021;153436.97424
045;AAV2020;_T;_T;_T;_T;_T;DWELLINGS;_T;_T;_T;_T;2021;150066.81995
046;AAV2020;_T;_T;_T;_T;_T;DWELLINGS;_T;_T;_T;_T;2021;149526.08752
047;AAV2020;_T;_T;_T;_T;_T;DWELLINGS;_T;_T;_T;_T;2021;180542.39996
048;AAV2020;_T;_T;_T;_T;_T;DWELLINGS;_T;_T;_T;_T;2021;127329.65239
049;AAV2020;_T;_T;_T;_T;_T;DWELLINGS;_T;_T;_T;_T;2021;130473.88956
050;AAV2020;_T;_T;_T;_T;_T;DWELLINGS;_T;_T;_T;_T;2021;143174.53118
051;AAV2020;_T;_T;_T;_T;_T;DWELLINGS;_T;_T;_T;_T;2021;146317.58212
052;AAV2020;_T;_T;_T;_T;_T;DWELLINGS;_T;_T;_T;_T;2021;150670.35532
053;AAV2020;_T;_T;_T;_T;_T;DWELLINGS;_T;_T;_T;_T;2021;128326.24235
054;AAV2020;_T;_T;_T;_T;_T;DWELLINGS;_T;_T;_T;_T;2021;116739.19156
055;AAV2020;_T;_T;_T;_T;_T;DWELLINGS;_T;_T;_T;_T;2021;142988.72447
056;AAV2020;_T;_T;_T;_T;_T;DWELLINGS;_T;_T;_T;_T;2021;115254.76343
057;AAV2020;_T;_T;_T;_T;_T;DWELLINGS;_T;_T;_T;_T;2021;113930.89092
058;AAV2020;_T;_T;_T;_T;_T;DWELLINGS;_T;_T;_T;_T;2021;105267.91538
059;AAV2020;_T;_T;_T;_T;_T;DWELLINGS;_T;_T;_T;_T;2021;93042.53934
060;AAV2020;_T;_T;_T;_T;_T;DWELLINGS;_T;_T;_T;_T;2021;124526.15385
061;AAV2020;_T;_T;_T;_T;_T;DWELLINGS;_T;_T;_T;_T;2021;90252.54995
062;AAV2020;_T;_T;_T;_T;_T;DWELLINGS;_T;_T;_T;_T;2021;96933.85957
063;AAV2020;_T;_T;_T;_T;_T;DWELLINGS;_T;_T;_T;_T;2021;93068.23817
064;AAV2020;_T;_T;_T;_T;_T;DWELLINGS;_T;_T;_T;_T;2021;95328.04491
065;AAV2020;_T;_T;_T;_T;_T;DWELLINGS;_T;_T;_T;_T;2021;86691.09549
066;AAV2020;_T;_T;_T;_T;_T;DWELLINGS;_T;_T;_T;_T;2021;83805.26772
067;AAV2020;_T;_T;_T;_T;_T;DWELLINGS;_T;_T;_T;_T;2021;75434.7795
068;AAV2020;_T;_T;_T;_T;_T;DWELLINGS;_T;_T;_T;_T;2021;85494.981
069;AAV2020;_T;_T;_T;_T;_T;DWELLINGS;_T;_T;_T;_T;2021;77340.8438
070;AAV2020;_T;_T;_T;_T;_T;DWELLINGS;_T;_T;_T;_T;2021;81400.19348
071;AAV2020;_T;_T;_T;_T;_T;DWELLINGS;_T;_T;_T;_T;2021;83034.89361
072;AAV2020;_T;_T;_T;_T;_T;DWELLINGS;_T;_T;_T;_T;2021;115162.04093
073;AAV2020;_T;_T;_T;_T;_T;DWELLINGS;_T;_T;_T;_T;2021;70601.62837
074;AAV2020;_T;_T;_T;_T;_T;DWELLINGS;_T;_T;_T;_T;2021;77237.77727
075;AAV2020;_T;_T;_T;_T;_T;DWELLINGS;_T;_T;_T;_T;2021;71972.53296
076;AAV2020;_T;_T;_T;_T;_T;DWELLINGS;_T;_T;_T;_T;2021;69499.65365
077;AAV2020;_T;_T;_T;_T;_T;DWELLINGS;_T;_T;_T;_T;2021;65520.5097
078;AAV2020;_T;_T;_T;_T;_T;DWELLINGS;_T;_T;_T;_T;2021;69350.46892
079;AAV2020;_T;_T;_T;_T;_T;DWELLINGS;_T;_T;_T;_T;2021;77593.60502
080;AAV2020;_T;_T;_T;_T;_T;DWELLINGS;_T;_T;_T;_T;2021;72463.53216
081;AAV2020;_T;_T;_T;_T;_T;DWELLINGS;_T;_T;_T;_T;2021;71539.57802
082;AAV2020;_T;_T;_T;_T;_T;DWELLINGS;_T;_T;_T;_T;2021;76986.24967
083;AAV2020;_T;_T;_T;_T;_T;DWELLINGS;_T;_T;_T;_T;2021;67655.10156
084;AAV2020;_T;_T;_T;_T;_T;DWELLINGS;_T;_T;_T;_T;2021;72043.0957
085;AAV2020;_T;_T;_T;_T;_T;DWELLINGS;_T;_T;_T;_T;2021;76389.76243
086;AAV2020;_T;_T;_T;_T;_T;DWELLINGS;_T;_T;_T;_T;2021;69449.30528
087;AAV2020;_T;_T;_T;_T;_T;DWELLINGS;_T;_T;_T;_T;2021;77735.75506
088;AAV2020;_T;_T;_T;_T;_T;DWELLINGS;_T;_T;_T;_T;2021;98460.73039
089;AAV2020;_T;_T;_T;_T;_T;DWELLINGS;_T;_T;_T;_T;2021;76559.43321
090;AAV2020;_T;_T;_T;_T;_T;DWELLINGS;_T;_T;_T;_T;2021;66125.80016
091;AAV2020;_T;_T;_T;_T;_T;DWELLINGS;_T;_T;_T;_T;2021;71267.33594
092;AAV2020;_T;_T;_T;_T;_T;DWELLINGS;_T;_T;_T;_T;2021;108965.27892
093;AAV2020;_T;_T;_T;_T;_T;DWELLINGS;_T;_T;_T;_T;2021;66388.36464
094;AAV2020;_T;_T;_T;_T;_T;DWELLINGS;_T;_T;_T;_T;2021;61315.72754
095;AAV2020;_T;_T;_T;_T;_T;DWELLINGS;_T;_T;_T;_T;2021;63290.29402
096;AAV2020;_T;_T;_T;_T;_T;DWELLINGS;_T;_T;_T;_T;2021;54366.89673
097;AAV2020;_T;_T;_T;_T;_T;DWELLINGS;_T;_T;_T;_T;2021;68317.3554
098;AAV2020;_T;_T;_T;_T;_T;DWELLINGS;_T;_T;_T;_T;2021;73489.05937
100;AAV2020;_T;_T;_T;_T;_T;DWELLINGS;_T;_T;_T;_T;2021;64292.26283
101;AAV2020;_T;_T;_T;_T;_T;DWELLINGS;_T;_T;_T;_T;2021;64838.17175
102;AAV2020;_T;_T;_T;_T;_T;DWELLINGS;_T;_T;_T;_T;2021;63658.20718
103;AAV2020;_T;_T;_T;_T;_T;DWELLINGS;_T;_T;_T;_T;2021;65371.31326
104;AAV2020;_T;_T;_T;_T;_T;DWELLINGS;_T;_T;_T;_T;2021;65776.64477
105;AAV2020;_T;_T;_T;_T;_T;DWELLINGS;_T;_T;_T;_T;2021;56414.88648
106;AAV2020;_T;_T;_T;_T;_T;DWELLINGS;_T;_T;_T;_T;2021;53625.87567
107;AAV2020;_T;_T;_T;_T;_T;DWELLINGS;_T;_T;_T;_T;2021;52836.3129
108;AAV2020;_T;_T;_T;_T;_T;DWELLINGS;_T;_T;_T;_T;2021;46517.40785
109;AAV2020;_T;_T;_T;_T;_T;DWELLINGS;_T;_T;_T;_T;2021;56923.05413
110;AAV2020;_T;_T;_T;_T;_T;DWELLINGS;_T;_T;_T;_T;2021;57501.6054
111;AAV2020;_T;_T;_T;_T;_T;DWELLINGS;_T;_T;_T;_T;2021;53473.77223
112;AAV2020;_T;_T;_T;_T;_T;DWELLINGS;_T;_T;_T;_T;2021;43428.34147
113;AAV2020;_T;_T;_T;_T;_T;DWELLINGS;_T;_T;_T;_T;2021;59378.8062
114;AAV2020;_T;_T;_T;_T;_T;DWELLINGS;_T;_T;_T;_T;2021;47155.26376
115;AAV2020;_T;_T;_T;_T;_T;DWELLINGS;_T;_T;_T;_T;2021;49484.98656
116;AAV2020;_T;_T;_T;_T;_T;DWELLINGS;_T;_T;_T;_T;2021;44034.30923
117;AAV2020;_T;_T;_T;_T;_T;DWELLINGS;_T;_T;_T;_T;2021;44583.18339
118;AAV2020;_T;_T;_T;_T;_T;DWELLINGS;_T;_T;_T;_T;2021;44442.37975
119;AAV2020;_T;_T;_T;_T;_T;DWELLINGS;_T;_T;_T;_T;2021;53160.59359
120;AAV2020;_T;_T;_T;_T;_T;DWELLINGS;_T;_T;_T;_T;2021;43861.68611
121;AAV2020;_T;_T;_T;_T;_T;DWELLINGS;_T;_T;_T;_T;2021;39858.25987
122;AAV2020;_T;_T;_T;_T;_T;DWELLINGS;_T;_T;_T;_T;2021;44485.93266
123;AAV2020;_T;_T;_T;_T;_T;DWELLINGS;_T;_T;_T;_T;2021;48767.57782
124;AAV2020;_T;_T;_T;_T;_T;DWELLINGS;_T;_T;_T;_T;2021;40493.19928
125;AAV2020;_T;_T;_T;_T;_T;DWELLINGS;_T;_T;_T;_T;2021;37509.06601
126;AAV2020;_T;_T;_T;_T;_T;DWELLINGS;_T;_T;_T;_T;2021;45386.75709
127;AAV2020;_T;_T;_T;_T;_T;DWELLINGS;_T;_T;_T;_T;2021;37771.38996
128;AAV2020;_T;_T;_T;_T;_T;DWELLINGS;_T;_T;_T;_T;2021;37305.92732
129;AAV2020;_T;_T;_T;_T;_T;DWELLINGS;_T;_T;_T;_T;2021;42888.38234
130;AAV2020;_T;_T;_T;_T;_T;DWELLINGS;_T;_T;_T;_T;2021;37816.51542
131;AAV2020;_T;_T;_T;_T;_T;DWELLINGS;_T;_T;_T;_T;2021;69946.18924
132;AAV2020;_T;_T;_T;_T;_T;DWELLINGS;_T;_T;_T;_T;2021;41764.1514
133;AAV2020;_T;_T;_T;_T;_T;DWELLINGS;_T;_T;_T;_T;2021;37853.87064
134;AAV2020;_T;_T;_T;_T;_T;DWELLINGS;_T;_T;_T;_T;2021;36495.76271
135;AAV2020;_T;_T;_T;_T;_T;DWELLINGS;_T;_T;_T;_T;2021;34584.79629
136;AAV2020;_T;_T;_T;_T;_T;DWELLINGS;_T;_T;_T;_T;2021;34650.55671
137;AAV2020;_T;_T;_T;_T;_T;DWELLINGS;_T;_T;_T;_T;2021;42949.49082
138;AAV2020;_T;_T;_T;_T;_T;DWELLINGS;_T;_T;_T;_T;2021;36908.07613
139;AAV2020;_T;_T;_T;_T;_T;DWELLINGS;_T;_T;_T;_T;2021;58548.6311
140;AAV2020;_T;_T;_T;_T;_T;DWELLINGS;_T;_T;_T;_T;2021;37320.97171
141;AAV2020;_T;_T;_T;_T;_T;DWELLINGS;_T;_T;_T;_T;2021;33708.76325
142;AAV2020;_T;_T;_T;_T;_T;DWELLINGS;_T;_T;_T;_T;2021;37646.37661
143;AAV2020;_T;_T;_T;_T;_T;DWELLINGS;_T;_T;_T;_T;2021;44080.49933
144;AAV2020;_T;_T;_T;_T;_T;DWELLINGS;_T;_T;_T;_T;2021;29623.64066
145;AAV2020;_T;_T;_T;_T;_T;DWELLINGS;_T;_T;_T;_T;2021;36779.11507
146;AAV2020;_T;_T;_T;_T;_T;DWELLINGS;_T;_T;_T;_T;2021;32883.46051
147;AAV2020;_T;_T;_T;_T;_T;DWELLINGS;_T;_T;_T;_T;2021;30262.35164
148;AAV2020;_T;_T;_T;_T;_T;DWELLINGS;_T;_T;_T;_T;2021;36554.06384
149;AAV2020;_T;_T;_T;_T;_T;DWELLINGS;_T;_T;_T;_T;2021;37963.48608
150;AAV2020;_T;_T;_T;_T;_T;DWELLINGS;_T;_T;_T;_T;2021;33591.4464
151;AAV2020;_T;_T;_T;_T;_T;DWELLINGS;_T;_T;_T;_T;2021;36810.27234
152;AAV2020;_T;_T;_T;_T;_T;DWELLINGS;_T;_T;_T;_T;2021;32388.68049
153;AAV2020;_T;_T;_T;_T;_T;DWELLINGS;_T;_T;_T;_T;2021;38176.82693
154;AAV2020;_T;_T;_T;_T;_T;DWELLINGS;_T;_T;_T;_T;2021;33379.44364
155;AAV2020;_T;_T;_T;_T;_T;DWELLINGS;_T;_T;_T;_T;2021;27266.07813
156;AAV2020;_T;_T;_T;_T;_T;DWELLINGS;_T;_T;_T;_T;2021;26813.2899
157;AAV2020;_T;_T;_T;_T;_T;DWELLINGS;_T;_T;_T;_T;2021;30886.39573
158;AAV2020;_T;_T;_T;_T;_T;DWELLINGS;_T;_T;_T;_T;2021;28686.48101
159;AAV2020;_T;_T;_T;_T;_T;DWELLINGS;_T;_T;_T;_T;2021;30690.67479
160;AAV2020;_T;_T;_T;_T;_T;DWELLINGS;_T;_T;_T;_T;2021;31284.81109
161;AAV2020;_T;_T;_T;_T;_T;DWELLINGS;_T;_T;_T;_T;2021;30369.78542
162;AAV2020;_T;_T;_T;_T;_T;DWELLINGS;_T;_T;_T;_T;2021;30411.11001
163;AAV2020;_T;_T;_T;_T;_T;DWELLINGS;_T;_T;_T;_T;2021;30111.71162
164;AAV2020;_T;_T;_T;_T;_T;DWELLINGS;_T;_T;_T;_T;2021;28453.72564
165;AAV2020;_T;_T;_T;_T;_T;DWELLINGS;_T;_T;_T;_T;2021;27366.07316
166;AAV2020;_T;_T;_T;_T;_T;DWELLINGS;_T;_T;_T;_T;2021;73509.15501
167;AAV2020;_T;_T;_T;_T;_T;DWELLINGS;_T;_T;_T;_T;2021;30423.56639
168;AAV2020;_T;_T;_T;_T;_T;DWELLINGS;_T;_T;_T;_T;2021;27096.37707
169;AAV2020;_T;_T;_T;_T;_T;DWELLINGS;_T;_T;_T;_T;2021;25099.63966
170;AAV2020;_T;_T;_T;_T;_T;DWELLINGS;_T;_T;_T;_T;2021;30195.98944
171;AAV2020;_T;_T;_T;_T;_T;DWELLINGS;_T;_T;_T;_T;2021;28579.3791
172;AAV2020;_T;_T;_T;_T;_T;DWELLINGS;_T;_T;_T;_T;2021;26833.12356
173;AAV2020;_T;_T;_T;_T;_T;DWELLINGS;_T;_T;_T;_T;2021;23692.34944
174;AAV2020;_T;_T;_T;_T;_T;DWELLINGS;_T;_T;_T;_T;2021;27870.2593
175;AAV2020;_T;_T;_T;_T;_T;DWELLINGS;_T;_T;_T;_T;2021;27136.78348
176;AAV2020;_T;_T;_T;_T;_T;DWELLINGS;_T;_T;_T;_T;2021;28018.35168
177;AAV2020;_T;_T;_T;_T;_T;DWELLINGS;_T;_T;_T;_T;2021;27393.333
178;AAV2020;_T;_T;_T;_T;_T;DWELLINGS;_T;_T;_T;_T;2021;24874.11644
179;AAV2020;_T;_T;_T;_T;_T;DWELLINGS;_T;_T;_T;_T;2021;33681.78921
180;AAV2020;_T;_T;_T;_T;_T;DWELLINGS;_T;_T;_T;_T;2021;26520.27961
181;AAV2020;_T;_T;_T;_T;_T;DWELLINGS;_T;_T;_T;_T;2021;26072.7747
182;AAV2020;_T;_T;_T;_T;_T;DWELLINGS;_T;_T;_T;_T;2021;26304.83721
183;AAV2020;_T;_T;_T;_T;_T;DWELLINGS;_T;_T;_T;_T;2021;26327.07356
184;AAV2020;_T;_T;_T;_T;_T;DWELLINGS;_T;_T;_T;_T;2021;24231.14737
185;AAV2020;_T;_T;_T;_T;_T;DWELLINGS;_T;_T;_T;_T;2021;26667.69356
186;AAV2020;_T;_T;_T;_T;_T;DWELLINGS;_T;_T;_T;_T;2021;36158.19867
187;AAV2020;_T;_T;_T;_T;_T;DWELLINGS;_T;_T;_T;_T;2021;26582.05937
188;AAV2020;_T;_T;_T;_T;_T;DWELLINGS;_T;_T;_T;_T;2021;26419.44479
189;AAV2020;_T;_T;_T;_T;_T;DWELLINGS;_T;_T;_T;_T;2021;22814.57632
190;AAV2020;_T;_T;_T;_T;_T;DWELLINGS;_T;_T;_T;_T;2021;25154.56005
191;AAV2020;_T;_T;_T;_T;_T;DWELLINGS;_T;_T;_T;_T;2021;23048.27326
192;AAV2020;_T;_T;_T;_T;_T;DWELLINGS;_T;_T;_T;_T;2021;49292.30833
193;AAV2020;_T;_T;_T;_T;_T;DWELLINGS;_T;_T;_T;_T;2021;23716.8788
194;AAV2020;_T;_T;_T;_T;_T;DWELLINGS;_T;_T;_T;_T;2021;27680.01057
195;AAV2020;_T;_T;_T;_T;_T;DWELLINGS;_T;_T;_T;_T;2021;27201.95415
196;AAV2020;_T;_T;_T;_T;_T;DWELLINGS;_T;_T;_T;_T;2021;25602.39474
197;AAV2020;_T;_T;_T;_T;_T;DWELLINGS;_T;_T;_T;_T;2021;21411.0068
198;AAV2020;_T;_T;_T;_T;_T;DWELLINGS;_T;_T;_T;_T;2021;24360.96999
199;AAV2020;_T;_T;_T;_T;_T;DWELLINGS;_T;_T;_T;_T;2021;23216.69713
200;AAV2020;_T;_T;_T;_T;_T;DWELLINGS;_T;_T;_T;_T;2021;33172.34466
201;AAV2020;_T;_T;_T;_T;_T;DWELLINGS;_T;_T;_T;_T;2021;22165.02423
202;AAV2020;_T;_T;_T;_T;_T;DWELLINGS;_T;_T;_T;_T;2021;19352.49642
203;AAV2020;_T;_T;_T;_T;_T;DWELLINGS;_T;_T;_T;_T;2021;24071.54494
204;AAV2020;_T;_T;_T;_T;_T;DWELLINGS;_T;_T;_T;_T;2021;22473.07361
205;AAV2020;_T;_T;_T;_T;_T;DWELLINGS;_T;_T;_T;_T;2021;29201.5121
206;AAV2020;_T;_T;_T;_T;_T;DWELLINGS;_T;_T;_T;_T;2021;25713.83332
207;AAV2020;_T;_T;_T;_T;_T;DWELLINGS;_T;_T;_T;_T;2021;22115.84361
208;AAV2020;_T;_T;_T;_T;_T;DWELLINGS;_T;_T;_T;_T;2021;23232.64818
209;AAV2020;_T;_T;_T;_T;_T;DWELLINGS;_T;_T;_T;_T;2021;19704.85418
210;AAV2020;_T;_T;_T;_T;_T;DWELLINGS;_T;_T;_T;_T;2021;19805.04009
211;AAV2020;_T;_T;_T;_T;_T;DWELLINGS;_T;_T;_T;_T;2021;37200.65469
212;AAV2020;_T;_T;_T;_T;_T;DWELLINGS;_T;_T;_T;_T;2021;16564.78217
213;AAV2020;_T;_T;_T;_T;_T;DWELLINGS;_T;_T;_T;_T;2021;21096.9129
214;AAV2020;_T;_T;_T;_T;_T;DWELLINGS;_T;_T;_T;_T;2021;23105.44285
215;AAV2020;_T;_T;_T;_T;_T;DWELLINGS;_T;_T;_T;_T;2021;19769.20298
216;AAV2020;_T;_T;_T;_T;_T;DWELLINGS;_T;_T;_T;_T;2021;19847.83555
217;AAV2020;_T;_T;_T;_T;_T;DWELLINGS;_T;_T;_T;_T;2021;19714.21181
218;AAV2020;_T;_T;_T;_T;_T;DWELLINGS;_T;_T;_T;_T;2021;18295.30327
219;AAV2020;_T;_T;_T;_T;_T;DWELLINGS;_T;_T;_T;_T;2021;18717.16064
220;AAV2020;_T;_T;_T;_T;_T;DWELLINGS;_T;_T;_T;_T;2021;19477.14088
221;AAV2020;_T;_T;_T;_T;_T;DWELLINGS;_T;_T;_T;_T;2021;15980.81397
222;AAV2020;_T;_T;_T;_T;_T;DWELLINGS;_T;_T;_T;_T;2021;17520.45175
223;AAV2020;_T;_T;_T;_T;_T;DWELLINGS;_T;_T;_T;_T;2021;19007.88097
224;AAV2020;_T;_T;_T;_T;_T;DWELLINGS;_T;_T;_T;_T;2021;21462.29489
225;AAV2020;_T;_T;_T;_T;_T;DWELLINGS;_T;_T;_T;_T;2021;20882.16278
226;AAV2020;_T;_T;_T;_T;_T;DWELLINGS;_T;_T;_T;_T;2021;22494.7816
227;AAV2020;_T;_T;_T;_T;_T;DWELLINGS;_T;_T;_T;_T;2021;18755.72134
228;AAV2020;_T;_T;_T;_T;_T;DWELLINGS;_T;_T;_T;_T;2021;17266.04792
229;AAV2020;_T;_T;_T;_T;_T;DWELLINGS;_T;_T;_T;_T;2021;18205.95779
230;AAV2020;_T;_T;_T;_T;_T;DWELLINGS;_T;_T;_T;_T;2021;18625.5763
231;AAV2020;_T;_T;_T;_T;_T;DWELLINGS;_T;_T;_T;_T;2021;34759.10043
232;AAV2020;_T;_T;_T;_T;_T;DWELLINGS;_T;_T;_T;_T;2021;15246.34657
233;AAV2020;_T;_T;_T;_T;_T;DWELLINGS;_T;_T;_T;_T;2021;23939.70442
234;AAV2020;_T;_T;_T;_T;_T;DWELLINGS;_T;_T;_T;_T;2021;17593.61918
235;AAV2020;_T;_T;_T;_T;_T;DWELLINGS;_T;_T;_T;_T;2021;26395.72728
236;AAV2020;_T;_T;_T;_T;_T;DWELLINGS;_T;_T;_T;_T;2021;14989.24501
237;AAV2020;_T;_T;_T;_T;_T;DWELLINGS;_T;_T;_T;_T;2021;16728.08907
238;AAV2020;_T;_T;_T;_T;_T;DWELLINGS;_T;_T;_T;_T;2021;47411.07793
239;AAV2020;_T;_T;_T;_T;_T;DWELLINGS;_T;_T;_T;_T;2021;20779.82995
240;AAV2020;_T;_T;_T;_T;_T;DWELLINGS;_T;_T;_T;_T;2021;17662.77886
241;AAV2020;_T;_T;_T;_T;_T;DWELLINGS;_T;_T;_T;_T;2021;16293.30196
242;AAV2020;_T;_T;_T;_T;_T;DWELLINGS;_T;_T;_T;_T;2021;14353.76175
243;AAV2020;_T;_T;_T;_T;_T;DWELLINGS;_T;_T;_T;_T;2021;16641.41318
244;AAV2020;_T;_T;_T;_T;_T;DWELLINGS;_T;_T;_T;_T;2021;15036.49677
245;AAV2020;_T;_T;_T;_T;_T;DWELLINGS;_T;_T;_T;_T;2021;19536.8603
246;AAV2020;_T;_T;_T;_T;_T;DWELLINGS;_T;_T;_T;_T;2021;17199.78474
247;AAV2020;_T;_T;_T;_T;_T;DWELLINGS;_T;_T;_T;_T;2021;32490.53137
248;AAV2020;_T;_T;_T;_T;_T;DWELLINGS;_T;_T;_T;_T;2021;20292.72753
249;AAV2020;_T;_T;_T;_T;_T;DWELLINGS;_T;_T;_T;_T;2021;18801.40461
250;AAV2020;_T;_T;_T;_T;_T;DWELLINGS;_T;_T;_T;_T;2021;15878.47195
251;AAV2020;_T;_T;_T;_T;_T;DWELLINGS;_T;_T;_T;_T;2021;19938.21198
252;AAV2020;_T;_T;_T;_T;_T;DWELLINGS;_T;_T;_T;_T;2021;17455.05481
253;AAV2020;_T;_T;_T;_T;_T;DWELLINGS;_T;_T;_T;_T;2021;18002.9696
254;AAV2020;_T;_T;_T;_T;_T;DWELLINGS;_T;_T;_T;_T;2021;19778.63773
255;AAV2020;_T;_T;_T;_T;_T;DWELLINGS;_T;_T;_T;_T;2021;16674.22118
256;AAV2020;_T;_T;_T;_T;_T;DWELLINGS;_T;_T;_T;_T;2021;14131.87299
257;AAV2020;_T;_T;_T;_T;_T;DWELLINGS;_T;_T;_T;_T;2021;16229.98202
258;AAV2020;_T;_T;_T;_T;_T;DWELLINGS;_T;_T;_T;_T;2021;14116.25581
259;AAV2020;_T;_T;_T;_T;_T;DWELLINGS;_T;_T;_T;_T;2021;16379.93387
260;AAV2020;_T;_T;_T;_T;_T;DWELLINGS;_T;_T;_T;_T;2021;16349.60888
261;AAV2020;_T;_T;_T;_T;_T;DWELLINGS;_T;_T;_T;_T;2021;21742.89445
262;AAV2020;_T;_T;_T;_T;_T;DWELLINGS;_T;_T;_T;_T;2021;15789.57997
263;AAV2020;_T;_T;_T;_T;_T;DWELLINGS;_T;_T;_T;_T;2021;12798.87031
264;AAV2020;_T;_T;_T;_T;_T;DWELLINGS;_T;_T;_T;_T;2021;14703.36546
265;AAV2020;_T;_T;_T;_T;_T;DWELLINGS;_T;_T;_T;_T;2021;16072.10212
266;AAV2020;_T;_T;_T;_T;_T;DWELLINGS;_T;_T;_T;_T;2021;21198.9632
267;AAV2020;_T;_T;_T;_T;_T;DWELLINGS;_T;_T;_T;_T;2021;15380.55318
268;AAV2020;_T;_T;_T;_T;_T;DWELLINGS;_T;_T;_T;_T;2021;14519.19945
269;AAV2020;_T;_T;_T;_T;_T;DWELLINGS;_T;_T;_T;_T;2021;11959.98281
270;AAV2020;_T;_T;_T;_T;_T;DWELLINGS;_T;_T;_T;_T;2021;13114.10228
271;AAV2020;_T;_T;_T;_T;_T;DWELLINGS;_T;_T;_T;_T;2021;18458.79798
272;AAV2020;_T;_T;_T;_T;_T;DWELLINGS;_T;_T;_T;_T;2021;15538.40326
273;AAV2020;_T;_T;_T;_T;_T;DWELLINGS;_T;_T;_T;_T;2021;12900.84085
274;AAV2020;_T;_T;_T;_T;_T;DWELLINGS;_T;_T;_T;_T;2021;12870.75575
275;AAV2020;_T;_T;_T;_T;_T;DWELLINGS;_T;_T;_T;_T;2021;17628.69718
276;AAV2020;_T;_T;_T;_T;_T;DWELLINGS;_T;_T;_T;_T;2021;14385.95375
277;AAV2020;_T;_T;_T;_T;_T;DWELLINGS;_T;_T;_T;_T;2021;12911.76815
278;AAV2020;_T;_T;_T;_T;_T;DWELLINGS;_T;_T;_T;_T;2021;17279.45024
279;AAV2020;_T;_T;_T;_T;_T;DWELLINGS;_T;_T;_T;_T;2021;17579.16687
280;AAV2020;_T;_T;_T;_T;_T;DWELLINGS;_T;_T;_T;_T;2021;12400.27211
281;AAV2020;_T;_T;_T;_T;_T;DWELLINGS;_T;_T;_T;_T;2021;16526.71754
282;AAV2020;_T;_T;_T;_T;_T;DWELLINGS;_T;_T;_T;_T;2021;16390.27149
283;AAV2020;_T;_T;_T;_T;_T;DWELLINGS;_T;_T;_T;_T;2021;12457.29822
284;AAV2020;_T;_T;_T;_T;_T;DWELLINGS;_T;_T;_T;_T;2021;20170.04242
285;AAV2020;_T;_T;_T;_T;_T;DWELLINGS;_T;_T;_T;_T;2021;19382.33981
286;AAV2020;_T;_T;_T;_T;_T;DWELLINGS;_T;_T;_T;_T;2021;13949.46689
287;AAV2020;_T;_T;_T;_T;_T;DWELLINGS;_T;_T;_T;_T;2021;11975.95368
288;AAV2020;_T;_T;_T;_T;_T;DWELLINGS;_T;_T;_T;_T;2021;12672.9445
289;AAV2020;_T;_T;_T;_T;_T;DWELLINGS;_T;_T;_T;_T;2021;11782.20757
290;AAV2020;_T;_T;_T;_T;_T;DWELLINGS;_T;_T;_T;_T;2021;26811.8383
291;AAV2020;_T;_T;_T;_T;_T;DWELLINGS;_T;_T;_T;_T;2021;12283.43616
292;AAV2020;_T;_T;_T;_T;_T;DWELLINGS;_T;_T;_T;_T;2021;17275.90739
293;AAV2020;_T;_T;_T;_T;_T;DWELLINGS;_T;_T;_T;_T;2021;11143.24516
294;AAV2020;_T;_T;_T;_T;_T;DWELLINGS;_T;_T;_T;_T;2021;13491.95269
295;AAV2020;_T;_T;_T;_T;_T;DWELLINGS;_T;_T;_T;_T;2021;12273.01299
296;AAV2020;_T;_T;_T;_T;_T;DWELLINGS;_T;_T;_T;_T;2021;15831.08487
297;AAV2020;_T;_T;_T;_T;_T;DWELLINGS;_T;_T;_T;_T;2021;13619.6543
298;AAV2020;_T;_T;_T;_T;_T;DWELLINGS;_T;_T;_T;_T;2021;27241.14759
299;AAV2020;_T;_T;_T;_T;_T;DWELLINGS;_T;_T;_T;_T;2021;11209.77302
300;AAV2020;_T;_T;_T;_T;_T;DWELLINGS;_T;_T;_T;_T;2021;14772.26423
301;AAV2020;_T;_T;_T;_T;_T;DWELLINGS;_T;_T;_T;_T;2021;12289.85696
302;AAV2020;_T;_T;_T;_T;_T;DWELLINGS;_T;_T;_T;_T;2021;28624.96218
303;AAV2020;_T;_T;_T;_T;_T;DWELLINGS;_T;_T;_T;_T;2021;9916.42609
304;AAV2020;_T;_T;_T;_T;_T;DWELLINGS;_T;_T;_T;_T;2021;13674.6412
305;AAV2020;_T;_T;_T;_T;_T;DWELLINGS;_T;_T;_T;_T;2021;14437.16833
306;AAV2020;_T;_T;_T;_T;_T;DWELLINGS;_T;_T;_T;_T;2021;12218.69646
307;AAV2020;_T;_T;_T;_T;_T;DWELLINGS;_T;_T;_T;_T;2021;12759.69584
308;AAV2020;_T;_T;_T;_T;_T;DWELLINGS;_T;_T;_T;_T;2021;11145.86045
309;AAV2020;_T;_T;_T;_T;_T;DWELLINGS;_T;_T;_T;_T;2021;15066.04336
310;AAV2020;_T;_T;_T;_T;_T;DWELLINGS;_T;_T;_T;_T;2021;11686.85178
311;AAV2020;_T;_T;_T;_T;_T;DWELLINGS;_T;_T;_T;_T;2021;11932.5925
312;AAV2020;_T;_T;_T;_T;_T;DWELLINGS;_T;_T;_T;_T;2021;13373.32221
313;AAV2020;_T;_T;_T;_T;_T;DWELLINGS;_T;_T;_T;_T;2021;10973.14066
314;AAV2020;_T;_T;_T;_T;_T;DWELLINGS;_T;_T;_T;_T;2021;16661.18702
315;AAV2020;_T;_T;_T;_T;_T;DWELLINGS;_T;_T;_T;_T;2021;12914.40116
316;AAV2020;_T;_T;_T;_T;_T;DWELLINGS;_T;_T;_T;_T;2021;31677.75091
317;AAV2020;_T;_T;_T;_T;_T;DWELLINGS;_T;_T;_T;_T;2021;10304.11605
318;AAV2020;_T;_T;_T;_T;_T;DWELLINGS;_T;_T;_T;_T;2021;11794.22843
319;AAV2020;_T;_T;_T;_T;_T;DWELLINGS;_T;_T;_T;_T;2021;11946.53929
320;AAV2020;_T;_T;_T;_T;_T;DWELLINGS;_T;_T;_T;_T;2021;10568.79469
321;AAV2020;_T;_T;_T;_T;_T;DWELLINGS;_T;_T;_T;_T;2021;10398.09971
322;AAV2020;_T;_T;_T;_T;_T;DWELLINGS;_T;_T;_T;_T;2021;10250.67303
323;AAV2020;_T;_T;_T;_T;_T;DWELLINGS;_T;_T;_T;_T;2021;13240.10035
324;AAV2020;_T;_T;_T;_T;_T;DWELLINGS;_T;_T;_T;_T;2021;13378.60074
325;AAV2020;_T;_T;_T;_T;_T;DWELLINGS;_T;_T;_T;_T;2021;13131.5909
326;AAV2020;_T;_T;_T;_T;_T;DWELLINGS;_T;_T;_T;_T;2021;10967.41868
327;AAV2020;_T;_T;_T;_T;_T;DWELLINGS;_T;_T;_T;_T;2021;11837.26831
328;AAV2020;_T;_T;_T;_T;_T;DWELLINGS;_T;_T;_T;_T;2021;11239.41837
329;AAV2020;_T;_T;_T;_T;_T;DWELLINGS;_T;_T;_T;_T;2021;9761.62994
330;AAV2020;_T;_T;_T;_T;_T;DWELLINGS;_T;_T;_T;_T;2021;12406.976
331;AAV2020;_T;_T;_T;_T;_T;DWELLINGS;_T;_T;_T;_T;2021;14477.78174
332;AAV2020;_T;_T;_T;_T;_T;DWELLINGS;_T;_T;_T;_T;2021;8520.4208
333;AAV2020;_T;_T;_T;_T;_T;DWELLINGS;_T;_T;_T;_T;2021;10405.81477
334;AAV2020;_T;_T;_T;_T;_T;DWELLINGS;_T;_T;_T;_T;2021;10540.7661
335;AAV2020;_T;_T;_T;_T;_T;DWELLINGS;_T;_T;_T;_T;2021;9775.289
336;AAV2020;_T;_T;_T;_T;_T;DWELLINGS;_T;_T;_T;_T;2021;9823.37334
337;AAV2020;_T;_T;_T;_T;_T;DWELLINGS;_T;_T;_T;_T;2021;8722.3167
338;AAV2020;_T;_T;_T;_T;_T;DWELLINGS;_T;_T;_T;_T;2021;10059.10122
339;AAV2020;_T;_T;_T;_T;_T;DWELLINGS;_T;_T;_T;_T;2021;9984.88383
340;AAV2020;_T;_T;_T;_T;_T;DWELLINGS;_T;_T;_T;_T;2021;11863.36035
341;AAV2020;_T;_T;_T;_T;_T;DWELLINGS;_T;_T;_T;_T;2021;9089.28115
342;AAV2020;_T;_T;_T;_T;_T;DWELLINGS;_T;_T;_T;_T;2021;10431.52148
343;AAV2020;_T;_T;_T;_T;_T;DWELLINGS;_T;_T;_T;_T;2021;10824.7013
344;AAV2020;_T;_T;_T;_T;_T;DWELLINGS;_T;_T;_T;_T;2021;33794.66445
345;AAV2020;_T;_T;_T;_T;_T;DWELLINGS;_T;_T;_T;_T;2021;10475.68093
346;AAV2020;_T;_T;_T;_T;_T;DWELLINGS;_T;_T;_T;_T;2021;10197.98666
347;AAV2020;_T;_T;_T;_T;_T;DWELLINGS;_T;_T;_T;_T;2021;10604.35357
348;AAV2020;_T;_T;_T;_T;_T;DWELLINGS;_T;_T;_T;_T;2021;11254.50907
349;AAV2020;_T;_T;_T;_T;_T;DWELLINGS;_T;_T;_T;_T;2021;19753.69564
350;AAV2020;_T;_T;_T;_T;_T;DWELLINGS;_T;_T;_T;_T;2021;14113.93367
351;AAV2020;_T;_T;_T;_T;_T;DWELLINGS;_T;_T;_T;_T;2021;11281.0447
352;AAV2020;_T;_T;_T;_T;_T;DWELLINGS;_T;_T;_T;_T;2021;11383.22383
353;AAV2020;_T;_T;_T;_T;_T;DWELLINGS;_T;_T;_T;_T;2021;14525.16765
354;AAV2020;_T;_T;_T;_T;_T;DWELLINGS;_T;_T;_T;_T;2021;10374.18761
355;AAV2020;_T;_T;_T;_T;_T;DWELLINGS;_T;_T;_T;_T;2021;9938.31803
356;AAV2020;_T;_T;_T;_T;_T;DWELLINGS;_T;_T;_T;_T;2021;7669.52352
357;AAV2020;_T;_T;_T;_T;_T;DWELLINGS;_T;_T;_T;_T;2021;7419.87548
358;AAV2020;_T;_T;_T;_T;_T;DWELLINGS;_T;_T;_T;_T;2021;8779.76773
359;AAV2020;_T;_T;_T;_T;_T;DWELLINGS;_T;_T;_T;_T;2021;11195.45226
360;AAV2020;_T;_T;_T;_T;_T;DWELLINGS;_T;_T;_T;_T;2021;9203.91679
361;AAV2020;_T;_T;_T;_T;_T;DWELLINGS;_T;_T;_T;_T;2021;9750.89288
362;AAV2020;_T;_T;_T;_T;_T;DWELLINGS;_T;_T;_T;_T;2021;7711.42681
363;AAV2020;_T;_T;_T;_T;_T;DWELLINGS;_T;_T;_T;_T;2021;12295.47004
364;AAV2020;_T;_T;_T;_T;_T;DWELLINGS;_T;_T;_T;_T;2021;7697.2121
365;AAV2020;_T;_T;_T;_T;_T;DWELLINGS;_T;_T;_T;_T;2021;9894.64373
366;AAV2020;_T;_T;_T;_T;_T;DWELLINGS;_T;_T;_T;_T;2021;8528.31263
367;AAV2020;_T;_T;_T;_T;_T;DWELLINGS;_T;_T;_T;_T;2021;7833.95236
368;AAV2020;_T;_T;_T;_T;_T;DWELLINGS;_T;_T;_T;_T;2021;7786.25507
369;AAV2020;_T;_T;_T;_T;_T;DWELLINGS;_T;_T;_T;_T;2021;7986.35193
370;AAV2020;_T;_T;_T;_T;_T;DWELLINGS;_T;_T;_T;_T;2021;9125.16445
371;AAV2020;_T;_T;_T;_T;_T;DWELLINGS;_T;_T;_T;_T;2021;24926.14188
372;AAV2020;_T;_T;_T;_T;_T;DWELLINGS;_T;_T;_T;_T;2021;7489.18326
373;AAV2020;_T;_T;_T;_T;_T;DWELLINGS;_T;_T;_T;_T;2021;8031.10684
374;AAV2020;_T;_T;_T;_T;_T;DWELLINGS;_T;_T;_T;_T;2021;7603.61943
375;AAV2020;_T;_T;_T;_T;_T;DWELLINGS;_T;_T;_T;_T;2021;7552.56065
376;AAV2020;_T;_T;_T;_T;_T;DWELLINGS;_T;_T;_T;_T;2021;8422.55593
377;AAV2020;_T;_T;_T;_T;_T;DWELLINGS;_T;_T;_T;_T;2021;8424.71899
378;AAV2020;_T;_T;_T;_T;_T;DWELLINGS;_T;_T;_T;_T;2021;7633.91703
379;AAV2020;_T;_T;_T;_T;_T;DWELLINGS;_T;_T;_T;_T;2021;7556.26545
380;AAV2020;_T;_T;_T;_T;_T;DWELLINGS;_T;_T;_T;_T;2021;6920.41803
381;AAV2020;_T;_T;_T;_T;_T;DWELLINGS;_T;_T;_T;_T;2021;8383.2994
382;AAV2020;_T;_T;_T;_T;_T;DWELLINGS;_T;_T;_T;_T;2021;9466.00386
383;AAV2020;_T;_T;_T;_T;_T;DWELLINGS;_T;_T;_T;_T;2021;11346.18166
384;AAV2020;_T;_T;_T;_T;_T;DWELLINGS;_T;_T;_T;_T;2021;28112.17109
385;AAV2020;_T;_T;_T;_T;_T;DWELLINGS;_T;_T;_T;_T;2021;8341.19601
386;AAV2020;_T;_T;_T;_T;_T;DWELLINGS;_T;_T;_T;_T;2021;9034.24791
387;AAV2020;_T;_T;_T;_T;_T;DWELLINGS;_T;_T;_T;_T;2021;6328.42548
388;AAV2020;_T;_T;_T;_T;_T;DWELLINGS;_T;_T;_T;_T;2021;9165.92084
389;AAV2020;_T;_T;_T;_T;_T;DWELLINGS;_T;_T;_T;_T;2021;7822.60955
390;AAV2020;_T;_T;_T;_T;_T;DWELLINGS;_T;_T;_T;_T;2021;8802.18188
391;AAV2020;_T;_T;_T;_T;_T;DWELLINGS;_T;_T;_T;_T;2021;7919.26453
392;AAV2020;_T;_T;_T;_T;_T;DWELLINGS;_T;_T;_T;_T;2021;8518.76129
393;AAV2020;_T;_T;_T;_T;_T;DWELLINGS;_T;_T;_T;_T;2021;10312.41598
394;AAV2020;_T;_T;_T;_T;_T;DWELLINGS;_T;_T;_T;_T;2021;8975.59929
395;AAV2020;_T;_T;_T;_T;_T;DWELLINGS;_T;_T;_T;_T;2021;22412.73884
396;AAV2020;_T;_T;_T;_T;_T;DWELLINGS;_T;_T;_T;_T;2021;7416.31624
397;AAV2020;_T;_T;_T;_T;_T;DWELLINGS;_T;_T;_T;_T;2021;7394.70199
398;AAV2020;_T;_T;_T;_T;_T;DWELLINGS;_T;_T;_T;_T;2021;13319.55337
399;AAV2020;_T;_T;_T;_T;_T;DWELLINGS;_T;_T;_T;_T;2021;6625.80195
400;AAV2020;_T;_T;_T;_T;_T;DWELLINGS;_T;_T;_T;_T;2021;7323.65862
401;AAV2020;_T;_T;_T;_T;_T;DWELLINGS;_T;_T;_T;_T;2021;6490.45788
402;AAV2020;_T;_T;_T;_T;_T;DWELLINGS;_T;_T;_T;_T;2021;6432.39934
403;AAV2020;_T;_T;_T;_T;_T;DWELLINGS;_T;_T;_T;_T;2021;8727.78078
404;AAV2020;_T;_T;_T;_T;_T;DWELLINGS;_T;_T;_T;_T;2021;9213.7705
405;AAV2020;_T;_T;_T;_T;_T;DWELLINGS;_T;_T;_T;_T;2021;9007.58903
406;AAV2020;_T;_T;_T;_T;_T;DWELLINGS;_T;_T;_T;_T;2021;8144.91676
407;AAV2020;_T;_T;_T;_T;_T;DWELLINGS;_T;_T;_T;_T;2021;7938.41062
408;AAV2020;_T;_T;_T;_T;_T;DWELLINGS;_T;_T;_T;_T;2021;20283.63722
409;AAV2020;_T;_T;_T;_T;_T;DWELLINGS;_T;_T;_T;_T;2021;6201.80212
410;AAV2020;_T;_T;_T;_T;_T;DWELLINGS;_T;_T;_T;_T;2021;9443.26199
411;AAV2020;_T;_T;_T;_T;_T;DWELLINGS;_T;_T;_T;_T;2021;6436.60912
412;AAV2020;_T;_T;_T;_T;_T;DWELLINGS;_T;_T;_T;_T;2021;9417.19035
413;AAV2020;_T;_T;_T;_T;_T;DWELLINGS;_T;_T;_T;_T;2021;6776.2351
414;AAV2020;_T;_T;_T;_T;_T;DWELLINGS;_T;_T;_T;_T;2021;10329.64592
415;AAV2020;_T;_T;_T;_T;_T;DWELLINGS;_T;_T;_T;_T;2021;8254.06336
416;AAV2020;_T;_T;_T;_T;_T;DWELLINGS;_T;_T;_T;_T;2021;7251.52882
417;AAV2020;_T;_T;_T;_T;_T;DWELLINGS;_T;_T;_T;_T;2021;6860.04879
418;AAV2020;_T;_T;_T;_T;_T;DWELLINGS;_T;_T;_T;_T;2021;7540.14374
419;AAV2020;_T;_T;_T;_T;_T;DWELLINGS;_T;_T;_T;_T;2021;9719.38683
420;AAV2020;_T;_T;_T;_T;_T;DWELLINGS;_T;_T;_T;_T;2021;6352.20777
421;AAV2020;_T;_T;_T;_T;_T;DWELLINGS;_T;_T;_T;_T;2021;7014.3944
422;AAV2020;_T;_T;_T;_T;_T;DWELLINGS;_T;_T;_T;_T;2021;7541.81504
423;AAV2020;_T;_T;_T;_T;_T;DWELLINGS;_T;_T;_T;_T;2021;8879.57256
424;AAV2020;_T;_T;_T;_T;_T;DWELLINGS;_T;_T;_T;_T;2021;6280.02154
425;AAV2020;_T;_T;_T;_T;_T;DWELLINGS;_T;_T;_T;_T;2021;8126.9598
426;AAV2020;_T;_T;_T;_T;_T;DWELLINGS;_T;_T;_T;_T;2021;6203.77078
427;AAV2020;_T;_T;_T;_T;_T;DWELLINGS;_T;_T;_T;_T;2021;11475.99009
428;AAV2020;_T;_T;_T;_T;_T;DWELLINGS;_T;_T;_T;_T;2021;6658.31114
429;AAV2020;_T;_T;_T;_T;_T;DWELLINGS;_T;_T;_T;_T;2021;6781.46155
430;AAV2020;_T;_T;_T;_T;_T;DWELLINGS;_T;_T;_T;_T;2021;13574.20169
431;AAV2020;_T;_T;_T;_T;_T;DWELLINGS;_T;_T;_T;_T;2021;5990.29446
432;AAV2020;_T;_T;_T;_T;_T;DWELLINGS;_T;_T;_T;_T;2021;6870.46603
433;AAV2020;_T;_T;_T;_T;_T;DWELLINGS;_T;_T;_T;_T;2021;6034.89701
434;AAV2020;_T;_T;_T;_T;_T;DWELLINGS;_T;_T;_T;_T;2021;8633.22797
435;AAV2020;_T;_T;_T;_T;_T;DWELLINGS;_T;_T;_T;_T;2021;7798.782
436;AAV2020;_T;_T;_T;_T;_T;DWELLINGS;_T;_T;_T;_T;2021;6632.76401
437;AAV2020;_T;_T;_T;_T;_T;DWELLINGS;_T;_T;_T;_T;2021;5851.44294
438;AAV2020;_T;_T;_T;_T;_T;DWELLINGS;_T;_T;_T;_T;2021;5504.59641
439;AAV2020;_T;_T;_T;_T;_T;DWELLINGS;_T;_T;_T;_T;2021;7704.95023
440;AAV2020;_T;_T;_T;_T;_T;DWELLINGS;_T;_T;_T;_T;2021;6116.80933
441;AAV2020;_T;_T;_T;_T;_T;DWELLINGS;_T;_T;_T;_T;2021;6883.23887
442;AAV2020;_T;_T;_T;_T;_T;DWELLINGS;_T;_T;_T;_T;2021;7029.89083
443;AAV2020;_T;_T;_T;_T;_T;DWELLINGS;_T;_T;_T;_T;2021;7431.75677
444;AAV2020;_T;_T;_T;_T;_T;DWELLINGS;_T;_T;_T;_T;2021;16179.30025
445;AAV2020;_T;_T;_T;_T;_T;DWELLINGS;_T;_T;_T;_T;2021;6032.31131
446;AAV2020;_T;_T;_T;_T;_T;DWELLINGS;_T;_T;_T;_T;2021;6789.7142
447;AAV2020;_T;_T;_T;_T;_T;DWELLINGS;_T;_T;_T;_T;2021;5576.57989
448;AAV2020;_T;_T;_T;_T;_T;DWELLINGS;_T;_T;_T;_T;2021;6155.13907
449;AAV2020;_T;_T;_T;_T;_T;DWELLINGS;_T;_T;_T;_T;2021;6425.373
450;AAV2020;_T;_T;_T;_T;_T;DWELLINGS;_T;_T;_T;_T;2021;5432.7943
451;AAV2020;_T;_T;_T;_T;_T;DWELLINGS;_T;_T;_T;_T;2021;6683.38447
452;AAV2020;_T;_T;_T;_T;_T;DWELLINGS;_T;_T;_T;_T;2021;6894.18795
453;AAV2020;_T;_T;_T;_T;_T;DWELLINGS;_T;_T;_T;_T;2021;17910.5314
454;AAV2020;_T;_T;_T;_T;_T;DWELLINGS;_T;_T;_T;_T;2021;5315.97975
455;AAV2020;_T;_T;_T;_T;_T;DWELLINGS;_T;_T;_T;_T;2021;10399.82799
456;AAV2020;_T;_T;_T;_T;_T;DWELLINGS;_T;_T;_T;_T;2021;5749.06006
457;AAV2020;_T;_T;_T;_T;_T;DWELLINGS;_T;_T;_T;_T;2021;6447.20338
458;AAV2020;_T;_T;_T;_T;_T;DWELLINGS;_T;_T;_T;_T;2021;9027.0925
459;AAV2020;_T;_T;_T;_T;_T;DWELLINGS;_T;_T;_T;_T;2021;6772.24769
460;AAV2020;_T;_T;_T;_T;_T;DWELLINGS;_T;_T;_T;_T;2021;5758.19619
461;AAV2020;_T;_T;_T;_T;_T;DWELLINGS;_T;_T;_T;_T;2021;4783.11561
462;AAV2020;_T;_T;_T;_T;_T;DWELLINGS;_T;_T;_T;_T;2021;5350.3342
463;AAV2020;_T;_T;_T;_T;_T;DWELLINGS;_T;_T;_T;_T;2021;11054.7558
464;AAV2020;_T;_T;_T;_T;_T;DWELLINGS;_T;_T;_T;_T;2021;9355.46651
465;AAV2020;_T;_T;_T;_T;_T;DWELLINGS;_T;_T;_T;_T;2021;5825.08239
466;AAV2020;_T;_T;_T;_T;_T;DWELLINGS;_T;_T;_T;_T;2021;5276.18016
467;AAV2020;_T;_T;_T;_T;_T;DWELLINGS;_T;_T;_T;_T;2021;8440.73382
468;AAV2020;_T;_T;_T;_T;_T;DWELLINGS;_T;_T;_T;_T;2021;7808.70033
469;AAV2020;_T;_T;_T;_T;_T;DWELLINGS;_T;_T;_T;_T;2021;6837.67298
470;AAV2020;_T;_T;_T;_T;_T;DWELLINGS;_T;_T;_T;_T;2021;5781.29707
471;AAV2020;_T;_T;_T;_T;_T;DWELLINGS;_T;_T;_T;_T;2021;7318.9489
472;AAV2020;_T;_T;_T;_T;_T;DWELLINGS;_T;_T;_T;_T;2021;4934.59512
473;AAV2020;_T;_T;_T;_T;_T;DWELLINGS;_T;_T;_T;_T;2021;5081.65679
474;AAV2020;_T;_T;_T;_T;_T;DWELLINGS;_T;_T;_T;_T;2021;4783.50497
475;AAV2020;_T;_T;_T;_T;_T;DWELLINGS;_T;_T;_T;_T;2021;5219.2739
476;AAV2020;_T;_T;_T;_T;_T;DWELLINGS;_T;_T;_T;_T;2021;4343.20309
477;AAV2020;_T;_T;_T;_T;_T;DWELLINGS;_T;_T;_T;_T;2021;5819.06663
478;AAV2020;_T;_T;_T;_T;_T;DWELLINGS;_T;_T;_T;_T;2021;6915.85429
479;AAV2020;_T;_T;_T;_T;_T;DWELLINGS;_T;_T;_T;_T;2021;5523.53997
480;AAV2020;_T;_T;_T;_T;_T;DWELLINGS;_T;_T;_T;_T;2021;4888.96436
481;AAV2020;_T;_T;_T;_T;_T;DWELLINGS;_T;_T;_T;_T;2021;5399.62967
482;AAV2020;_T;_T;_T;_T;_T;DWELLINGS;_T;_T;_T;_T;2021;6372.94803
483;AAV2020;_T;_T;_T;_T;_T;DWELLINGS;_T;_T;_T;_T;2021;4992.38846
484;AAV2020;_T;_T;_T;_T;_T;DWELLINGS;_T;_T;_T;_T;2021;4991.01118
485;AAV2020;_T;_T;_T;_T;_T;DWELLINGS;_T;_T;_T;_T;2021;5298.2107
486;AAV2020;_T;_T;_T;_T;_T;DWELLINGS;_T;_T;_T;_T;2021;5942.68592
487;AAV2020;_T;_T;_T;_T;_T;DWELLINGS;_T;_T;_T;_T;2021;4863.38304
488;AAV2020;_T;_T;_T;_T;_T;DWELLINGS;_T;_T;_T;_T;2021;6353.49133
489;AAV2020;_T;_T;_T;_T;_T;DWELLINGS;_T;_T;_T;_T;2021;4652.04541
490;AAV2020;_T;_T;_T;_T;_T;DWELLINGS;_T;_T;_T;_T;2021;6196.05939
491;AAV2020;_T;_T;_T;_T;_T;DWELLINGS;_T;_T;_T;_T;2021;4044.71379
492;AAV2020;_T;_T;_T;_T;_T;DWELLINGS;_T;_T;_T;_T;2021;13436.23552
493;AAV2020;_T;_T;_T;_T;_T;DWELLINGS;_T;_T;_T;_T;2021;5148.47984
494;AAV2020;_T;_T;_T;_T;_T;DWELLINGS;_T;_T;_T;_T;2021;4511.93785
495;AAV2020;_T;_T;_T;_T;_T;DWELLINGS;_T;_T;_T;_T;2021;10456.10992
496;AAV2020;_T;_T;_T;_T;_T;DWELLINGS;_T;_T;_T;_T;2021;4588.50779
497;AAV2020;_T;_T;_T;_T;_T;DWELLINGS;_T;_T;_T;_T;2021;7497.42362
498;AAV2020;_T;_T;_T;_T;_T;DWELLINGS;_T;_T;_T;_T;2021;4328.31491
499;AAV2020;_T;_T;_T;_T;_T;DWELLINGS;_T;_T;_T;_T;2021;6012.30453
500;AAV2020;_T;_T;_T;_T;_T;DWELLINGS;_T;_T;_T;_T;2021;4855.37036
501;AAV2020;_T;_T;_T;_T;_T;DWELLINGS;_T;_T;_T;_T;2021;4133.60272
502;AAV2020;_T;_T;_T;_T;_T;DWELLINGS;_T;_T;_T;_T;2021;4659.93678
503;AAV2020;_T;_T;_T;_T;_T;DWELLINGS;_T;_T;_T;_T;2021;6892.36982
504;AAV2020;_T;_T;_T;_T;_T;DWELLINGS;_T;_T;_T;_T;2021;4240.33604
505;AAV2020;_T;_T;_T;_T;_T;DWELLINGS;_T;_T;_T;_T;2021;4425.36428
506;AAV2020;_T;_T;_T;_T;_T;DWELLINGS;_T;_T;_T;_T;2021;5971.83447
507;AAV2020;_T;_T;_T;_T;_T;DWELLINGS;_T;_T;_T;_T;2021;4673.34832
508;AAV2020;_T;_T;_T;_T;_T;DWELLINGS;_T;_T;_T;_T;2021;3697.22445
509;AAV2020;_T;_T;_T;_T;_T;DWELLINGS;_T;_T;_T;_T;2021;4579.27618
510;AAV2020;_T;_T;_T;_T;_T;DWELLINGS;_T;_T;_T;_T;2021;4649.41082
511;AAV2020;_T;_T;_T;_T;_T;DWELLINGS;_T;_T;_T;_T;2021;5939.65692
512;AAV2020;_T;_T;_T;_T;_T;DWELLINGS;_T;_T;_T;_T;2021;4778.54342
513;AAV2020;_T;_T;_T;_T;_T;DWELLINGS;_T;_T;_T;_T;2021;11253.39171
514;AAV2020;_T;_T;_T;_T;_T;DWELLINGS;_T;_T;_T;_T;2021;5379.28677
515;AAV2020;_T;_T;_T;_T;_T;DWELLINGS;_T;_T;_T;_T;2021;6112.34672
516;AAV2020;_T;_T;_T;_T;_T;DWELLINGS;_T;_T;_T;_T;2021;4879.62451
517;AAV2020;_T;_T;_T;_T;_T;DWELLINGS;_T;_T;_T;_T;2021;4147.36263
518;AAV2020;_T;_T;_T;_T;_T;DWELLINGS;_T;_T;_T;_T;2021;6904.39005
519;AAV2020;_T;_T;_T;_T;_T;DWELLINGS;_T;_T;_T;_T;2021;5337.21738
520;AAV2020;_T;_T;_T;_T;_T;DWELLINGS;_T;_T;_T;_T;2021;4186.40387
521;AAV2020;_T;_T;_T;_T;_T;DWELLINGS;_T;_T;_T;_T;2021;6338.06731
522;AAV2020;_T;_T;_T;_T;_T;DWELLINGS;_T;_T;_T;_T;2021;5571.58846
523;AAV2020;_T;_T;_T;_T;_T;DWELLINGS;_T;_T;_T;_T;2021;4824.85267
524;AAV2020;_T;_T;_T;_T;_T;DWELLINGS;_T;_T;_T;_T;2021;4252.5397
525;AAV2020;_T;_T;_T;_T;_T;DWELLINGS;_T;_T;_T;_T;2021;4026.05461
526;AAV2020;_T;_T;_T;_T;_T;DWELLINGS;_T;_T;_T;_T;2021;4195.02266
527;AAV2020;_T;_T;_T;_T;_T;DWELLINGS;_T;_T;_T;_T;2021;4221.68283
528;AAV2020;_T;_T;_T;_T;_T;DWELLINGS;_T;_T;_T;_T;2021;5840.64916
529;AAV2020;_T;_T;_T;_T;_T;DWELLINGS;_T;_T;_T;_T;2021;12173.56331
530;AAV2020;_T;_T;_T;_T;_T;DWELLINGS;_T;_T;_T;_T;2021;4460.74684
531;AAV2020;_T;_T;_T;_T;_T;DWELLINGS;_T;_T;_T;_T;2021;5193.64126
532;AAV2020;_T;_T;_T;_T;_T;DWELLINGS;_T;_T;_T;_T;2021;4697.73799
533;AAV2020;_T;_T;_T;_T;_T;DWELLINGS;_T;_T;_T;_T;2021;4761.06152
534;AAV2020;_T;_T;_T;_T;_T;DWELLINGS;_T;_T;_T;_T;2021;4214.96885
535;AAV2020;_T;_T;_T;_T;_T;DWELLINGS;_T;_T;_T;_T;2021;4755.12905
536;AAV2020;_T;_T;_T;_T;_T;DWELLINGS;_T;_T;_T;_T;2021;4446.65354
537;AAV2020;_T;_T;_T;_T;_T;DWELLINGS;_T;_T;_T;_T;2021;3935.23091
538;AAV2020;_T;_T;_T;_T;_T;DWELLINGS;_T;_T;_T;_T;2021;3771.44934
539;AAV2020;_T;_T;_T;_T;_T;DWELLINGS;_T;_T;_T;_T;2021;5044.50393
540;AAV2020;_T;_T;_T;_T;_T;DWELLINGS;_T;_T;_T;_T;2021;7832.91565
541;AAV2020;_T;_T;_T;_T;_T;DWELLINGS;_T;_T;_T;_T;2021;3696.42655
542;AAV2020;_T;_T;_T;_T;_T;DWELLINGS;_T;_T;_T;_T;2021;5029.09498
543;AAV2020;_T;_T;_T;_T;_T;DWELLINGS;_T;_T;_T;_T;2021;4744.98305
544;AAV2020;_T;_T;_T;_T;_T;DWELLINGS;_T;_T;_T;_T;2021;3714.41102
545;AAV2020;_T;_T;_T;_T;_T;DWELLINGS;_T;_T;_T;_T;2021;4061.99062
546;AAV2020;_T;_T;_T;_T;_T;DWELLINGS;_T;_T;_T;_T;2021;5598.8718
547;AAV2020;_T;_T;_T;_T;_T;DWELLINGS;_T;_T;_T;_T;2021;3689.78241
548;AAV2020;_T;_T;_T;_T;_T;DWELLINGS;_T;_T;_T;_T;2021;4004.25772
549;AAV2020;_T;_T;_T;_T;_T;DWELLINGS;_T;_T;_T;_T;2021;12405.77205
550;AAV2020;_T;_T;_T;_T;_T;DWELLINGS;_T;_T;_T;_T;2021;15862.31546
551;AAV2020;_T;_T;_T;_T;_T;DWELLINGS;_T;_T;_T;_T;2021;4261.16579
552;AAV2020;_T;_T;_T;_T;_T;DWELLINGS;_T;_T;_T;_T;2021;3731.41033
553;AAV2020;_T;_T;_T;_T;_T;DWELLINGS;_T;_T;_T;_T;2021;4016.71999
554;AAV2020;_T;_T;_T;_T;_T;DWELLINGS;_T;_T;_T;_T;2021;4129.08324
555;AAV2020;_T;_T;_T;_T;_T;DWELLINGS;_T;_T;_T;_T;2021;5364.70124
556;AAV2020;_T;_T;_T;_T;_T;DWELLINGS;_T;_T;_T;_T;2021;4565.44346
557;AAV2020;_T;_T;_T;_T;_T;DWELLINGS;_T;_T;_T;_T;2021;3709.04899
558;AAV2020;_T;_T;_T;_T;_T;DWELLINGS;_T;_T;_T;_T;2021;4389.78309
559;AAV2020;_T;_T;_T;_T;_T;DWELLINGS;_T;_T;_T;_T;2021;3224.71347
560;AAV2020;_T;_T;_T;_T;_T;DWELLINGS;_T;_T;_T;_T;2021;3524.97363
561;AAV2020;_T;_T;_T;_T;_T;DWELLINGS;_T;_T;_T;_T;2021;3493.64627
562;AAV2020;_T;_T;_T;_T;_T;DWELLINGS;_T;_T;_T;_T;2021;3600.02725
563;AAV2020;_T;_T;_T;_T;_T;DWELLINGS;_T;_T;_T;_T;2021;4543.15966
564;AAV2020;_T;_T;_T;_T;_T;DWELLINGS;_T;_T;_T;_T;2021;13542.97878
565;AAV2020;_T;_T;_T;_T;_T;DWELLINGS;_T;_T;_T;_T;2021;3588.64392
566;AAV2020;_T;_T;_T;_T;_T;DWELLINGS;_T;_T;_T;_T;2021;7799.85229
567;AAV2020;_T;_T;_T;_T;_T;DWELLINGS;_T;_T;_T;_T;2021;12513.80703
568;AAV2020;_T;_T;_T;_T;_T;DWELLINGS;_T;_T;_T;_T;2021;3382.19359
569;AAV2020;_T;_T;_T;_T;_T;DWELLINGS;_T;_T;_T;_T;2021;4432.97719
570;AAV2020;_T;_T;_T;_T;_T;DWELLINGS;_T;_T;_T;_T;2021;3161.94714
571;AAV2020;_T;_T;_T;_T;_T;DWELLINGS;_T;_T;_T;_T;2021;3370.99545
572;AAV2020;_T;_T;_T;_T;_T;DWELLINGS;_T;_T;_T;_T;2021;4081.24128
573;AAV2020;_T;_T;_T;_T;_T;DWELLINGS;_T;_T;_T;_T;2021;3284.30103
574;AAV2020;_T;_T;_T;_T;_T;DWELLINGS;_T;_T;_T;_T;2021;3830.66371
575;AAV2020;_T;_T;_T;_T;_T;DWELLINGS;_T;_T;_T;_T;2021;3946.38088
576;AAV2020;_T;_T;_T;_T;_T;DWELLINGS;_T;_T;_T;_T;2021;3311.25715
577;AAV2020;_T;_T;_T;_T;_T;DWELLINGS;_T;_T;_T;_T;2021;3514.9827
578;AAV2020;_T;_T;_T;_T;_T;DWELLINGS;_T;_T;_T;_T;2021;10473.8014
579;AAV2020;_T;_T;_T;_T;_T;DWELLINGS;_T;_T;_T;_T;2021;3781.94649
580;AAV2020;_T;_T;_T;_T;_T;DWELLINGS;_T;_T;_T;_T;2021;3200.14246
581;AAV2020;_T;_T;_T;_T;_T;DWELLINGS;_T;_T;_T;_T;2021;3172.38694
582;AAV2020;_T;_T;_T;_T;_T;DWELLINGS;_T;_T;_T;_T;2021;4012.4827
583;AAV2020;_T;_T;_T;_T;_T;DWELLINGS;_T;_T;_T;_T;2021;3888.37434
584;AAV2020;_T;_T;_T;_T;_T;DWELLINGS;_T;_T;_T;_T;2021;3321.14788
585;AAV2020;_T;_T;_T;_T;_T;DWELLINGS;_T;_T;_T;_T;2021;2944.11344
586;AAV2020;_T;_T;_T;_T;_T;DWELLINGS;_T;_T;_T;_T;2021;2992.57335
587;AAV2020;_T;_T;_T;_T;_T;DWELLINGS;_T;_T;_T;_T;2021;6571.93423
588;AAV2020;_T;_T;_T;_T;_T;DWELLINGS;_T;_T;_T;_T;2021;3971.43846
589;AAV2020;_T;_T;_T;_T;_T;DWELLINGS;_T;_T;_T;_T;2021;2847.85396
590;AAV2020;_T;_T;_T;_T;_T;DWELLINGS;_T;_T;_T;_T;2021;3886.14697
591;AAV2020;_T;_T;_T;_T;_T;DWELLINGS;_T;_T;_T;_T;2021;3744.92272
592;AAV2020;_T;_T;_T;_T;_T;DWELLINGS;_T;_T;_T;_T;2021;4136.6948
593;AAV2020;_T;_T;_T;_T;_T;DWELLINGS;_T;_T;_T;_T;2021;2771.7147
594;AAV2020;_T;_T;_T;_T;_T;DWELLINGS;_T;_T;_T;_T;2021;3964.74804
595;AAV2020;_T;_T;_T;_T;_T;DWELLINGS;_T;_T;_T;_T;2021;3294.97032
596;AAV2020;_T;_T;_T;_T;_T;DWELLINGS;_T;_T;_T;_T;2021;3084.67705
597;AAV2020;_T;_T;_T;_T;_T;DWELLINGS;_T;_T;_T;_T;2021;2907.32602
598;AAV2020;_T;_T;_T;_T;_T;DWELLINGS;_T;_T;_T;_T;2021;3873.10619
599;AAV2020;_T;_T;_T;_T;_T;DWELLINGS;_T;_T;_T;_T;2021;4565.41084
600;AAV2020;_T;_T;_T;_T;_T;DWELLINGS;_T;_T;_T;_T;2021;3453.63404
601;AAV2020;_T;_T;_T;_T;_T;DWELLINGS;_T;_T;_T;_T;2021;3375.34263
602;AAV2020;_T;_T;_T;_T;_T;DWELLINGS;_T;_T;_T;_T;2021;3427.4692
603;AAV2020;_T;_T;_T;_T;_T;DWELLINGS;_T;_T;_T;_T;2021;3085.76935
604;AAV2020;_T;_T;_T;_T;_T;DWELLINGS;_T;_T;_T;_T;2021;3098.5032
605;AAV2020;_T;_T;_T;_T;_T;DWELLINGS;_T;_T;_T;_T;2021;4871.66137
606;AAV2020;_T;_T;_T;_T;_T;DWELLINGS;_T;_T;_T;_T;2021;3096.2077
607;AAV2020;_T;_T;_T;_T;_T;DWELLINGS;_T;_T;_T;_T;2021;2536.55448
608;AAV2020;_T;_T;_T;_T;_T;DWELLINGS;_T;_T;_T;_T;2021;7800.19945
609;AAV2020;_T;_T;_T;_T;_T;DWELLINGS;_T;_T;_T;_T;2021;3331.67285
610;AAV2020;_T;_T;_T;_T;_T;DWELLINGS;_T;_T;_T;_T;2021;3170.34159
611;AAV2020;_T;_T;_T;_T;_T;DWELLINGS;_T;_T;_T;_T;2021;2531.94361
612;AAV2020;_T;_T;_T;_T;_T;DWELLINGS;_T;_T;_T;_T;2021;3755.13961
613;AAV2020;_T;_T;_T;_T;_T;DWELLINGS;_T;_T;_T;_T;2021;2975.62165
614;AAV2020;_T;_T;_T;_T;_T;DWELLINGS;_T;_T;_T;_T;2021;2543.17033
615;AAV2020;_T;_T;_T;_T;_T;DWELLINGS;_T;_T;_T;_T;2021;2361.30889
616;AAV2020;_T;_T;_T;_T;_T;DWELLINGS;_T;_T;_T;_T;2021;3284.01
617;AAV2020;_T;_T;_T;_T;_T;DWELLINGS;_T;_T;_T;_T;2021;6165.73741
618;AAV2020;_T;_T;_T;_T;_T;DWELLINGS;_T;_T;_T;_T;2021;4757.45512
619;AAV2020;_T;_T;_T;_T;_T;DWELLINGS;_T;_T;_T;_T;2021;3114.51117
620;AAV2020;_T;_T;_T;_T;_T;DWELLINGS;_T;_T;_T;_T;2021;3207.67323
621;AAV2020;_T;_T;_T;_T;_T;DWELLINGS;_T;_T;_T;_T;2021;3412.23383
622;AAV2020;_T;_T;_T;_T;_T;DWELLINGS;_T;_T;_T;_T;2021;1882.06913
623;AAV2020;_T;_T;_T;_T;_T;DWELLINGS;_T;_T;_T;_T;2021;2632.61491
624;AAV2020;_T;_T;_T;_T;_T;DWELLINGS;_T;_T;_T;_T;2021;2899.4529
625;AAV2020;_T;_T;_T;_T;_T;DWELLINGS;_T;_T;_T;_T;2021;2729.8188
626;AAV2020;_T;_T;_T;_T;_T;DWELLINGS;_T;_T;_T;_T;2021;2675.88747
627;AAV2020;_T;_T;_T;_T;_T;DWELLINGS;_T;_T;_T;_T;2021;2909.54485
628;AAV2020;_T;_T;_T;_T;_T;DWELLINGS;_T;_T;_T;_T;2021;2785.31006
629;AAV2020;_T;_T;_T;_T;_T;DWELLINGS;_T;_T;_T;_T;2021;2188.24579
630;AAV2020;_T;_T;_T;_T;_T;DWELLINGS;_T;_T;_T;_T;2021;2548.99051
631;AAV2020;_T;_T;_T;_T;_T;DWELLINGS;_T;_T;_T;_T;2021;2634.2729
632;AAV2020;_T;_T;_T;_T;_T;DWELLINGS;_T;_T;_T;_T;2021;6216.86277
633;AAV2020;_T;_T;_T;_T;_T;DWELLINGS;_T;_T;_T;_T;2021;3038.59262
634;AAV2020;_T;_T;_T;_T;_T;DWELLINGS;_T;_T;_T;_T;2021;2243.56982
635;AAV2020;_T;_T;_T;_T;_T;DWELLINGS;_T;_T;_T;_T;2021;2635.06999
636;AAV2020;_T;_T;_T;_T;_T;DWELLINGS;_T;_T;_T;_T;2021;2820.63702
637;AAV2020;_T;_T;_T;_T;_T;DWELLINGS;_T;_T;_T;_T;2021;2492.09174
638;AAV2020;_T;_T;_T;_T;_T;DWELLINGS;_T;_T;_T;_T;2021;2374.67229
639;AAV2020;_T;_T;_T;_T;_T;DWELLINGS;_T;_T;_T;_T;2021;2651.23419
640;AAV2020;_T;_T;_T;_T;_T;DWELLINGS;_T;_T;_T;_T;2021;2372.09283
641;AAV2020;_T;_T;_T;_T;_T;DWELLINGS;_T;_T;_T;_T;2021;2650.33028
642;AAV2020;_T;_T;_T;_T;_T;DWELLINGS;_T;_T;_T;_T;2021;2185.6402
643;AAV2020;_T;_T;_T;_T;_T;DWELLINGS;_T;_T;_T;_T;2021;2568.95331
644;AAV2020;_T;_T;_T;_T;_T;DWELLINGS;_T;_T;_T;_T;2021;2474.3859
645;AAV2020;_T;_T;_T;_T;_T;DWELLINGS;_T;_T;_T;_T;2021;4635.53999
646;AAV2020;_T;_T;_T;_T;_T;DWELLINGS;_T;_T;_T;_T;2021;2369.69294
647;AAV2020;_T;_T;_T;_T;_T;DWELLINGS;_T;_T;_T;_T;2021;2226.0514
648;AAV2020;_T;_T;_T;_T;_T;DWELLINGS;_T;_T;_T;_T;2021;2381.63563
649;AAV2020;_T;_T;_T;_T;_T;DWELLINGS;_T;_T;_T;_T;2021;2121.37582
650;AAV2020;_T;_T;_T;_T;_T;DWELLINGS;_T;_T;_T;_T;2021;2048.30742
651;AAV2020;_T;_T;_T;_T;_T;DWELLINGS;_T;_T;_T;_T;2021;2148.8896
652;AAV2020;_T;_T;_T;_T;_T;DWELLINGS;_T;_T;_T;_T;2021;2351.95289
653;AAV2020;_T;_T;_T;_T;_T;DWELLINGS;_T;_T;_T;_T;2021;2340.30248
654;AAV2020;_T;_T;_T;_T;_T;DWELLINGS;_T;_T;_T;_T;2021;2641.57909
655;AAV2020;_T;_T;_T;_T;_T;DWELLINGS;_T;_T;_T;_T;2021;2164.3458
656;AAV2020;_T;_T;_T;_T;_T;DWELLINGS;_T;_T;_T;_T;2021;2280.8198
657;AAV2020;_T;_T;_T;_T;_T;DWELLINGS;_T;_T;_T;_T;2021;1850.04084
658;AAV2020;_T;_T;_T;_T;_T;DWELLINGS;_T;_T;_T;_T;2021;2178.13358
659;AAV2020;_T;_T;_T;_T;_T;DWELLINGS;_T;_T;_T;_T;2021;1872.81409
660;AAV2020;_T;_T;_T;_T;_T;DWELLINGS;_T;_T;_T;_T;2021;1583.59572
661;AAV2020;_T;_T;_T;_T;_T;DWELLINGS;_T;_T;_T;_T;2021;2145.93588
662;AAV2020;_T;_T;_T;_T;_T;DWELLINGS;_T;_T;_T;_T;2021;1805.72383
663;AAV2020;_T;_T;_T;_T;_T;DWELLINGS;_T;_T;_T;_T;2021;2327.83103
664;AAV2020;_T;_T;_T;_T;_T;DWELLINGS;_T;_T;_T;_T;2021;2321.71606
665;AAV2020;_T;_T;_T;_T;_T;DWELLINGS;_T;_T;_T;_T;2021;2569.51094
666;AAV2020;_T;_T;_T;_T;_T;DWELLINGS;_T;_T;_T;_T;2021;1677.65873
667;AAV2020;_T;_T;_T;_T;_T;DWELLINGS;_T;_T;_T;_T;2021;1942.7736
668;AAV2020;_T;_T;_T;_T;_T;DWELLINGS;_T;_T;_T;_T;2021;2258.61077
669;AAV2020;_T;_T;_T;_T;_T;DWELLINGS;_T;_T;_T;_T;2021;1551.47279
670;AAV2020;_T;_T;_T;_T;_T;DWELLINGS;_T;_T;_T;_T;2021;2059.44455
671;AAV2020;_T;_T;_T;_T;_T;DWELLINGS;_T;_T;_T;_T;2021;1572.39619
672;AAV2020;_T;_T;_T;_T;_T;DWELLINGS;_T;_T;_T;_T;2021;1890.41592
673;AAV2020;_T;_T;_T;_T;_T;DWELLINGS;_T;_T;_T;_T;2021;1432.0201
674;AAV2020;_T;_T;_T;_T;_T;DWELLINGS;_T;_T;_T;_T;2021;1386.21115
675;AAV2020;_T;_T;_T;_T;_T;DWELLINGS;_T;_T;_T;_T;2021;1540.66206
676;AAV2020;_T;_T;_T;_T;_T;DWELLINGS;_T;_T;_T;_T;2021;1461.97881
677;AAV2020;_T;_T;_T;_T;_T;DWELLINGS;_T;_T;_T;_T;2021;1369.33105
678;AAV2020;_T;_T;_T;_T;_T;DWELLINGS;_T;_T;_T;_T;2021;1194.12591
679;AAV2020;_T;_T;_T;_T;_T;DWELLINGS;_T;_T;_T;_T;2021;1323.29588
680;AAV2020;_T;_T;_T;_T;_T;DWELLINGS;_T;_T;_T;_T;2021;1140.03801
681;AAV2020;_T;_T;_T;_T;_T;DWELLINGS;_T;_T;_T;_T;2021;6887.87565
682;AAV2020;_T;_T;_T;_T;_T;DWELLINGS;_T;_T;_T;_T;2021;762.55067
9A1;AAV2020;_T;_T;_T;_T;_T;DWELLINGS;_T;_T;_T;_T;2021;191345.11729
9A2;AAV2020;_T;_T;_T;_T;_T;DWELLINGS;_T;_T;_T;_T;2021;29128.92156
9A3;AAV2020;_T;_T;_T;_T;_T;DWELLINGS;_T;_T;_T;_T;2021;4177.73777
9B1;AAV2020;_T;_T;_T;_T;_T;DWELLINGS;_T;_T;_T;_T;2021;209685.12063
9B2;AAV2020;_T;_T;_T;_T;_T;DWELLINGS;_T;_T;_T;_T;2021;4232.45029
9B3;AAV2020;_T;_T;_T;_T;_T;DWELLINGS;_T;_T;_T;_T;2021;3726.53631
9C1;AAV2020;_T;_T;_T;_T;_T;DWELLINGS;_T;_T;_T;_T;2021;62950.02774
9C2;AAV2020;_T;_T;_T;_T;_T;DWELLINGS;_T;_T;_T;_T;2021;12821.96109
9C3;AAV2020;_T;_T;_T;_T;_T;DWELLINGS;_T;_T;_T;_T;2021;10561.9779
9D1;AAV2020;_T;_T;_T;_T;_T;DWELLINGS;_T;_T;_T;_T;2021;143918.95178
9D2;AAV2020;_T;_T;_T;_T;_T;DWELLINGS;_T;_T;_T;_T;2021;102635.06551
9D3;AAV2020;_T;_T;_T;_T;_T;DWELLINGS;_T;_T;_T;_T;2021;13304.24416
9D4;AAV2020;_T;_T;_T;_T;_T;DWELLINGS;_T;_T;_T;_T;2021;81251.7803
9D5;AAV2020;_T;_T;_T;_T;_T;DWELLINGS;_T;_T;_T;_T;2021;23003.88235
9D6;AAV2020;_T;_T;_T;_T;_T;DWELLINGS;_T;_T;_T;_T;2021;22460.17805
9D7;AAV2020;_T;_T;_T;_T;_T;DWELLINGS;_T;_T;_T;_T;2021;3343.1303
BAL;AAV2020;_T;_T;_T;_T;_T;DWELLINGS;_T;_T;_T;_T;2021;57399.99329
CHA;AAV2020;_T;_T;_T;_T;_T;DWELLINGS;_T;_T;_T;_T;2021;231.87315
GEN;AAV2020;_T;_T;_T;_T;_T;DWELLINGS;_T;_T;_T;_T;2021;233548.89293
LAU;AAV2020;_T;_T;_T;_T;_T;DWELLINGS;_T;_T;_T;_T;2021;9893.89953
LUX;AAV2020;_T;_T;_T;_T;_T;DWELLINGS;_T;_T;_T;_T;2021;151524.73755
MON;AAV2020;_T;_T;_T;_T;_T;DWELLINGS;_T;_T;_T;_T;2021;67321.85011
SAR;AAV2020;_T;_T;_T;_T;_T;DWELLINGS;_T;_T;_T;_T;2021;17279.02865
